{"train_losses": [1.2788632269532745, 0.9041804433904274, 0.7551162790128079, 0.6151726336470313, 0.4888956164640765, 0.3789423533689887, 0.22779709109042773, 0.1636594878232324], "val_losses": [0.9522106080952257, 0.9088301322247723, 0.9075869752628969, 0.928024705093686, 1.0249831959752753, 1.1097733649877037, 1.167035832558528, 1.2986830219183818], "train_accs": [0.5391898184075741, 0.6859382275337575, 0.7420456309172746, 0.7867453049821511, 0.8343939158776967, 0.8742045630917274, 0.9265093900356977, 0.9466087226447307], "val_accs": [0.6660459342023588, 0.6700806952203601, 0.6800124146492862, 0.70235878336437, 0.6818746120422098, 0.6970825574177529, 0.685909373060211, 0.7004965859714463]}